{
  "analysis_date": "2025-10-06T21:25:31.639910",
  "n_days": 92,
  "correlations": {
    "sst_vs_precipitation": 0.26526578869348294,
    "sst_change_vs_precipitation": -0.12567267302809837,
    "fog_risk_vs_precipitation": 0.09335783067636703
  },
  "high_precipitation_events": [
    {
      "day": 68,
      "precipitation_mm": 8.61358642578125,
      "sst_C": 24.093414306640625,
      "sst_change_C": -0.283935546875,
      "fog_risk_index": 3.0526123046875
    },
    {
      "day": 83,
      "precipitation_mm": 5.33294677734375,
      "sst_C": 24.296295166015625,
      "sst_change_C": -0.0390625,
      "fog_risk_index": 6.90740966796875
    },
    {
      "day": 87,
      "precipitation_mm": 7.505893707275391,
      "sst_C": 24.616851806640625,
      "sst_change_C": 0.40234375,
      "fog_risk_index": 1.5191650390625
    }
  ],
  "conclusion": "SST-precipitation correlation is +0.265 (weak). Ocean warming does not directly cause increased precipitation in Rishiri. Local terrain and atmospheric circulation are more dominant factors."
}